delivery_id,order_id,agent_id,agent_name,city,pickup_time,drop_time,delivery_minutes,distance_km,rating
DEL0001,ORD0481,AGT001,Suresh Kumar,Chennai,2024-06-11 14:15:00,2024-06-11 14:33:00,18,1.75,4.5
DEL0002,ORD0280,AGT003,Vikram Singh,Mumbai,2024-10-02 12:38:00,2024-10-02 12:57:00,19,6.1,4.5
DEL0003,ORD0032,AGT001,Suresh Kumar,Chennai,2024-05-15 17:45:00,2024-05-15 18:14:00,29,4.33,4.0
DEL0004,ORD0350,AGT004,Ajay Verma,Pune,2024-08-16 11:10:00,2024-08-16 11:36:00,26,3.91,5.0
DEL0005,ORD0245,AGT007,Pradeep Nair,Chennai,2024-11-10 19:55:00,2024-11-10 20:31:00,36,2.24,4.5
DEL0006,ORD0421,AGT003,Vikram Singh,Chennai,2024-07-28 21:16:00,2024-07-28 21:29:00,13,2.32,4.5
DEL0007,ORD0464,AGT001,Suresh Kumar,Hyderabad,2024-03-06 10:27:00,2024-03-06 10:55:00,28,1.42,4.0
DEL0008,ORD0020,AGT006,Ramesh Gupta,Pune,2024-01-27 13:23:00,2024-01-27 13:59:00,36,1.25,4.5
DEL0009,ORD0437,AGT002,Mohan Patel,Bangalore,2024-05-14 13:28:00,2024-05-14 13:38:00,10,5.94,4.5
DEL0010,ORD0467,AGT007,Pradeep Nair,Chennai,2024-12-30 13:17:00,2024-12-30 13:47:00,30,3.46,5.0
DEL0011,ORD0422,AGT003,Vikram Singh,Bangalore,2024-11-19 12:27:00,2024-11-19 12:52:00,25,3.38,4.5
DEL0012,ORD0272,AGT006,Ramesh Gupta,Mumbai,2024-05-04 12:41:00,2024-05-04 13:18:00,37,6.35,5.0
DEL0013,ORD0062,AGT006,Ramesh Gupta,Pune,2024-07-02 14:44:00,2024-07-02 14:55:00,11,0.61,4.0
DEL0014,ORD0018,AGT002,Mohan Patel,Bangalore,2024-02-15 17:21:00,2024-02-15 17:54:00,33,3.27,4.5
DEL0015,ORD0132,AGT001,Suresh Kumar,Pune,2024-06-22 12:36:00,2024-06-22 13:17:00,41,2.67,4.5
DEL0016,ORD0200,AGT001,Suresh Kumar,Hyderabad,2024-02-01 13:41:00,2024-02-01 14:22:00,41,2.25,4.5
DEL0017,ORD0346,AGT002,Mohan Patel,Bangalore,2024-07-24 18:51:00,2024-07-24 19:36:00,45,1.6,3.5
DEL0018,ORD0457,AGT005,Dinesh Yadav,Mumbai,2024-01-28 14:59:00,2024-01-28 15:37:00,38,5.73,5.0
DEL0019,ORD0239,AGT003,Vikram Singh,Mumbai,2024-09-27 08:19:00,2024-09-27 09:03:00,44,4.61,4.5
DEL0020,ORD0433,AGT005,Dinesh Yadav,Pune,2024-12-19 10:31:00,2024-12-19 10:55:00,24,5.44,3.0
DEL0021,ORD0214,AGT003,Vikram Singh,Mumbai,2024-12-10 17:21:00,2024-12-10 18:02:00,41,2.97,5.0
DEL0022,ORD0196,AGT002,Mohan Patel,Chennai,2024-06-06 12:29:00,2024-06-06 12:56:00,27,3.52,5.0
DEL0023,ORD0463,AGT005,Dinesh Yadav,Pune,2024-01-25 21:00:00,2024-01-25 21:19:00,19,4.64,5.0
DEL0024,ORD0080,AGT006,Ramesh Gupta,Chennai,2024-09-28 13:31:00,2024-09-28 14:02:00,31,4.71,5.0
DEL0025,ORD0041,AGT001,Suresh Kumar,Pune,2024-02-24 14:27:00,2024-02-24 14:53:00,26,5.41,5.0
DEL0026,ORD0374,AGT003,Vikram Singh,Mumbai,2024-02-23 09:29:00,2024-02-23 09:41:00,12,2.68,5.0
DEL0027,ORD0286,AGT005,Dinesh Yadav,Hyderabad,2024-01-22 21:41:00,2024-01-22 22:04:00,23,5.08,4.0
DEL0028,ORD0232,AGT001,Suresh Kumar,Pune,2024-04-21 21:31:00,2024-04-21 22:09:00,38,5.39,4.0
DEL0029,ORD0275,AGT002,Mohan Patel,Bangalore,2024-02-22 12:31:00,2024-02-22 12:55:00,24,1.86,3.5
DEL0030,ORD0173,AGT001,Suresh Kumar,Hyderabad,2024-07-13 11:58:00,2024-07-13 12:13:00,15,4.64,5.0
DEL0031,ORD0490,AGT007,Pradeep Nair,Mumbai,2024-08-10 09:53:00,2024-08-10 10:22:00,29,5.04,3.0
DEL0032,ORD0063,AGT007,Pradeep Nair,Mumbai,2024-08-03 10:55:00,2024-08-03 11:26:00,31,3.58,3.5
DEL0033,ORD0349,AGT003,Vikram Singh,Hyderabad,2024-01-16 19:46:00,2024-01-16 20:05:00,19,0.9,4.5
DEL0034,ORD0054,AGT007,Pradeep Nair,Mumbai,2024-04-30 11:27:00,2024-04-30 12:09:00,42,6.02,4.0
DEL0035,ORD0451,AGT002,Mohan Patel,Bangalore,2024-11-09 08:08:00,2024-11-09 08:46:00,38,2.61,3.5
DEL0036,ORD0412,AGT003,Vikram Singh,Bangalore,2024-09-21 15:04:00,2024-09-21 15:37:00,33,2.59,4.0
DEL0037,ORD0058,AGT006,Ramesh Gupta,Mumbai,2024-12-05 13:48:00,2024-12-05 13:59:00,11,1.95,4.5
DEL0038,ORD0128,AGT005,Dinesh Yadav,Mumbai,2024-09-02 12:54:00,2024-09-02 13:31:00,37,3.67,5.0
DEL0039,ORD0007,AGT002,Mohan Patel,Pune,2024-01-02 20:35:00,2024-01-02 20:45:00,10,0.53,5.0
DEL0040,ORD0270,AGT005,Dinesh Yadav,Mumbai,2024-08-31 10:36:00,2024-08-31 10:48:00,12,3.35,4.5
DEL0041,ORD0244,AGT006,Ramesh Gupta,Mumbai,2024-06-26 08:09:00,2024-06-26 08:38:00,29,1.59,4.5
DEL0042,ORD0268,AGT002,Mohan Patel,Bangalore,2024-06-25 07:37:00,2024-06-25 07:50:00,13,1.87,3.5
DEL0043,ORD0322,AGT001,Suresh Kumar,Pune,2024-05-12 12:29:00,2024-05-12 12:54:00,25,1.16,3.5
DEL0044,ORD0252,AGT006,Ramesh Gupta,Pune,2024-10-19 12:48:00,2024-10-19 13:15:00,27,3.84,3.0
DEL0045,ORD0281,AGT001,Suresh Kumar,Hyderabad,2024-11-13 09:01:00,2024-11-13 09:17:00,16,2.2,4.5
DEL0046,ORD0462,AGT007,Pradeep Nair,Chennai,2024-08-18 21:48:00,2024-08-18 22:27:00,39,1.86,4.5
DEL0047,ORD0293,AGT004,Ajay Verma,Pune,2024-12-12 19:35:00,2024-12-12 20:09:00,34,5.64,5.0
DEL0048,ORD0070,AGT006,Ramesh Gupta,Hyderabad,2024-07-31 10:25:00,2024-07-31 10:56:00,31,1.58,5.0
DEL0049,ORD0165,AGT001,Suresh Kumar,Mumbai,2024-10-10 16:10:00,2024-10-10 16:53:00,43,3.13,4.5
DEL0050,ORD0259,AGT002,Mohan Patel,Hyderabad,2024-07-05 11:05:00,2024-07-05 11:47:00,42,2.9,4.5
DEL0051,ORD0389,AGT002,Mohan Patel,Mumbai,2024-07-17 19:38:00,2024-07-17 20:15:00,37,2.68,4.0
DEL0052,ORD0289,AGT007,Pradeep Nair,Mumbai,2024-03-12 13:58:00,2024-03-12 14:28:00,30,1.24,5.0
DEL0053,ORD0427,AGT003,Vikram Singh,Chennai,2024-02-22 19:40:00,2024-02-22 19:50:00,10,5.1,4.5
DEL0054,ORD0499,AGT007,Pradeep Nair,Pune,2024-02-13 16:21:00,2024-02-13 16:51:00,30,6.16,4.5
DEL0055,ORD0327,AGT004,Ajay Verma,Chennai,2024-07-05 20:04:00,2024-07-05 20:14:00,10,3.57,3.5
DEL0056,ORD0398,AGT001,Suresh Kumar,Pune,2024-09-21 18:57:00,2024-09-21 19:09:00,12,3.44,4.0
DEL0057,ORD0360,AGT001,Suresh Kumar,Pune,2024-06-07 12:34:00,2024-06-07 12:56:00,22,4.93,5.0
DEL0058,ORD0117,AGT001,Suresh Kumar,Bangalore,2024-02-16 14:56:00,2024-02-16 15:05:00,9,2.8,4.5
DEL0059,ORD0392,AGT005,Dinesh Yadav,Mumbai,2024-07-29 15:31:00,2024-07-29 16:09:00,38,1.08,3.5
DEL0060,ORD0099,AGT007,Pradeep Nair,Bangalore,2024-11-29 13:26:00,2024-11-29 13:37:00,11,5.26,4.0
DEL0061,ORD0235,AGT004,Ajay Verma,Pune,2024-03-17 14:19:00,2024-03-17 14:49:00,30,2.07,4.0
DEL0062,ORD0447,AGT005,Dinesh Yadav,Chennai,2024-11-08 19:52:00,2024-11-08 20:08:00,16,6.22,3.0
DEL0063,ORD0307,AGT001,Suresh Kumar,Chennai,2024-09-28 07:45:00,2024-09-28 08:06:00,21,3.2,5.0
DEL0064,ORD0405,AGT001,Suresh Kumar,Bangalore,2024-11-27 14:46:00,2024-11-27 15:26:00,40,1.56,4.5
DEL0065,ORD0470,AGT006,Ramesh Gupta,Pune,2024-09-24 10:05:00,2024-09-24 10:16:00,11,3.45,3.5
DEL0066,ORD0274,AGT004,Ajay Verma,Bangalore,2024-08-18 20:27:00,2024-08-18 20:52:00,25,3.91,4.5
DEL0067,ORD0202,AGT005,Dinesh Yadav,Chennai,2024-08-20 11:39:00,2024-08-20 12:22:00,43,3.32,4.5
DEL0068,ORD0254,AGT001,Suresh Kumar,Mumbai,2024-05-08 14:52:00,2024-05-08 15:12:00,20,2.08,4.5
DEL0069,ORD0492,AGT006,Ramesh Gupta,Bangalore,2024-05-12 20:29:00,2024-05-12 20:57:00,28,5.1,4.0
DEL0070,ORD0116,AGT005,Dinesh Yadav,Chennai,2024-05-25 09:51:00,2024-05-25 10:31:00,40,1.27,4.5
DEL0071,ORD0320,AGT005,Dinesh Yadav,Mumbai,2024-11-07 08:22:00,2024-11-07 08:41:00,19,5.09,4.5
DEL0072,ORD0236,AGT004,Ajay Verma,Hyderabad,2024-02-10 18:30:00,2024-02-10 18:52:00,22,6.45,4.5
DEL0073,ORD0347,AGT002,Mohan Patel,Mumbai,2024-02-08 07:08:00,2024-02-08 07:24:00,16,1.91,4.0
DEL0074,ORD0057,AGT006,Ramesh Gupta,Mumbai,2024-07-07 18:06:00,2024-07-07 18:21:00,15,5.71,3.5
DEL0075,ORD0064,AGT005,Dinesh Yadav,Mumbai,2024-02-25 21:37:00,2024-02-25 22:18:00,41,0.72,4.5
DEL0076,ORD0130,AGT005,Dinesh Yadav,Hyderabad,2024-10-05 22:22:00,2024-10-05 22:48:00,26,2.1,4.5
DEL0077,ORD0411,AGT003,Vikram Singh,Mumbai,2024-06-15 15:22:00,2024-06-15 15:49:00,27,3.92,4.0
DEL0078,ORD0221,AGT004,Ajay Verma,Bangalore,2024-10-27 13:33:00,2024-10-27 14:00:00,27,4.65,4.0
DEL0079,ORD0256,AGT007,Pradeep Nair,Chennai,2024-06-17 21:29:00,2024-06-17 21:45:00,16,2.54,4.5
DEL0080,ORD0378,AGT004,Ajay Verma,Bangalore,2024-10-08 22:13:00,2024-10-08 22:26:00,13,3.48,5.0
DEL0081,ORD0037,AGT007,Pradeep Nair,Hyderabad,2024-02-10 19:46:00,2024-02-10 20:31:00,45,1.78,4.0
DEL0082,ORD0171,AGT005,Dinesh Yadav,Bangalore,2024-12-10 10:32:00,2024-12-10 10:41:00,9,5.33,4.5
DEL0083,ORD0084,AGT006,Ramesh Gupta,Chennai,2024-06-06 08:21:00,2024-06-06 08:29:00,8,1.07,4.0
DEL0084,ORD0152,AGT007,Pradeep Nair,Bangalore,2024-06-04 09:39:00,2024-06-04 10:24:00,45,3.35,4.0
DEL0085,ORD0050,AGT006,Ramesh Gupta,Pune,2024-05-15 10:34:00,2024-05-15 10:58:00,24,3.53,4.0
DEL0086,ORD0178,AGT003,Vikram Singh,Mumbai,2024-09-04 13:19:00,2024-09-04 13:46:00,27,2.99,4.0
DEL0087,ORD0005,AGT006,Ramesh Gupta,Mumbai,2024-08-07 16:43:00,2024-08-07 16:57:00,14,1.58,3.0
DEL0088,ORD0011,AGT007,Pradeep Nair,Hyderabad,2024-08-12 10:33:00,2024-08-12 10:58:00,25,3.96,4.0
DEL0089,ORD0048,AGT006,Ramesh Gupta,Pune,2024-05-31 17:57:00,2024-05-31 18:14:00,17,2.11,4.5
DEL0090,ORD0288,AGT007,Pradeep Nair,Hyderabad,2024-05-01 13:57:00,2024-05-01 14:32:00,35,6.11,5.0
DEL0091,ORD0261,AGT002,Mohan Patel,Mumbai,2024-02-05 20:48:00,2024-02-05 21:11:00,23,3.27,4.0
DEL0092,ORD0017,AGT007,Pradeep Nair,Hyderabad,2024-12-21 22:23:00,2024-12-21 23:06:00,43,5.56,4.5
DEL0093,ORD0296,AGT001,Suresh Kumar,Mumbai,2024-12-06 19:02:00,2024-12-06 19:23:00,21,1.72,4.5
DEL0094,ORD0112,AGT006,Ramesh Gupta,Hyderabad,2024-08-17 14:38:00,2024-08-17 15:16:00,38,2.04,4.5
DEL0095,ORD0038,AGT001,Suresh Kumar,Bangalore,2024-08-24 15:33:00,2024-08-24 16:10:00,37,1.65,4.0
DEL0096,ORD0359,AGT004,Ajay Verma,Chennai,2024-12-24 18:42:00,2024-12-24 19:02:00,20,3.86,4.5
DEL0097,ORD0482,AGT001,Suresh Kumar,Pune,2024-10-01 19:09:00,2024-10-01 19:38:00,29,1.46,3.5
DEL0098,ORD0014,AGT007,Pradeep Nair,Mumbai,2024-01-11 15:41:00,2024-01-11 16:19:00,38,4.45,4.0
DEL0099,ORD0465,AGT006,Ramesh Gupta,Pune,2024-08-02 14:23:00,2024-08-02 14:49:00,26,5.19,3.5
DEL0100,ORD0103,AGT003,Vikram Singh,Bangalore,2024-12-13 19:25:00,2024-12-13 19:42:00,17,2.29,3.5
DEL0101,ORD0131,AGT003,Vikram Singh,Hyderabad,2024-01-25 17:25:00,2024-01-25 17:58:00,33,4.44,3.5
DEL0102,ORD0055,AGT006,Ramesh Gupta,Mumbai,2024-03-20 20:45:00,2024-03-20 21:19:00,34,1.92,4.5
DEL0103,ORD0273,AGT001,Suresh Kumar,Hyderabad,2024-11-18 12:18:00,2024-11-18 12:27:00,9,4.49,4.5
DEL0104,ORD0436,AGT005,Dinesh Yadav,Mumbai,2024-11-12 10:23:00,2024-11-12 10:43:00,20,3.48,3.5
DEL0105,ORD0219,AGT007,Pradeep Nair,Hyderabad,2024-08-01 11:29:00,2024-08-01 11:42:00,13,2.48,4.5
DEL0106,ORD0390,AGT006,Ramesh Gupta,Mumbai,2024-11-15 20:15:00,2024-11-15 21:00:00,45,1.92,4.5
DEL0107,ORD0164,AGT002,Mohan Patel,Mumbai,2024-07-06 19:27:00,2024-07-06 20:10:00,43,6.32,4.5
DEL0108,ORD0089,AGT005,Dinesh Yadav,Hyderabad,2024-07-26 07:23:00,2024-07-26 08:00:00,37,3.44,4.5
DEL0109,ORD0189,AGT003,Vikram Singh,Bangalore,2024-01-05 16:43:00,2024-01-05 17:12:00,29,3.04,4.5
DEL0110,ORD0172,AGT007,Pradeep Nair,Chennai,2024-05-15 14:50:00,2024-05-15 15:31:00,41,2.68,5.0
DEL0111,ORD0159,AGT001,Suresh Kumar,Bangalore,2024-08-18 14:17:00,2024-08-18 14:49:00,32,6.3,4.5
DEL0112,ORD0160,AGT006,Ramesh Gupta,Mumbai,2024-05-07 12:55:00,2024-05-07 13:23:00,28,4.64,5.0
DEL0113,ORD0477,AGT005,Dinesh Yadav,Bangalore,2024-08-17 12:49:00,2024-08-17 13:29:00,40,2.36,5.0
DEL0114,ORD0435,AGT007,Pradeep Nair,Hyderabad,2024-09-23 15:47:00,2024-09-23 16:01:00,14,1.23,5.0
DEL0115,ORD0253,AGT004,Ajay Verma,Hyderabad,2024-03-15 09:13:00,2024-03-15 09:51:00,38,5.96,4.5
DEL0116,ORD0217,AGT003,Vikram Singh,Chennai,2024-12-22 20:31:00,2024-12-22 21:13:00,42,1.04,5.0
DEL0117,ORD0455,AGT002,Mohan Patel,Pune,2024-07-25 20:06:00,2024-07-25 20:19:00,13,6.0,4.5
DEL0118,ORD0191,AGT007,Pradeep Nair,Bangalore,2024-04-08 10:29:00,2024-04-08 10:53:00,24,2.94,3.0
DEL0119,ORD0498,AGT007,Pradeep Nair,Pune,2024-10-10 11:13:00,2024-10-10 11:46:00,33,3.33,4.5
DEL0120,ORD0443,AGT006,Ramesh Gupta,Hyderabad,2024-12-05 12:27:00,2024-12-05 12:52:00,25,5.76,5.0
DEL0121,ORD0145,AGT006,Ramesh Gupta,Mumbai,2024-09-09 07:28:00,2024-09-09 08:11:00,43,3.54,4.5
DEL0122,ORD0205,AGT007,Pradeep Nair,Chennai,2024-01-17 16:33:00,2024-01-17 17:07:00,34,4.93,4.5
DEL0123,ORD0138,AGT001,Suresh Kumar,Pune,2024-10-17 08:46:00,2024-10-17 09:17:00,31,4.35,4.5
DEL0124,ORD0067,AGT002,Mohan Patel,Mumbai,2024-11-07 11:07:00,2024-11-07 11:52:00,45,2.9,4.5
DEL0125,ORD0150,AGT001,Suresh Kumar,Pune,2024-03-19 16:13:00,2024-03-19 16:35:00,22,1.45,4.5
DEL0126,ORD0380,AGT007,Pradeep Nair,Chennai,2024-02-29 16:58:00,2024-02-29 17:22:00,24,5.08,5.0
DEL0127,ORD0466,AGT007,Pradeep Nair,Hyderabad,2024-03-11 20:43:00,2024-03-11 21:10:00,27,3.21,5.0
DEL0128,ORD0285,AGT002,Mohan Patel,Pune,2024-09-18 10:44:00,2024-09-18 11:15:00,31,4.06,4.0
DEL0129,ORD0209,AGT001,Suresh Kumar,Hyderabad,2024-07-13 14:21:00,2024-07-13 14:41:00,20,2.71,4.5
DEL0130,ORD0312,AGT007,Pradeep Nair,Pune,2024-02-27 14:38:00,2024-02-27 14:46:00,8,1.85,5.0
DEL0131,ORD0328,AGT006,Ramesh Gupta,Chennai,2024-12-01 20:21:00,2024-12-01 20:49:00,28,4.26,5.0
DEL0132,ORD0384,AGT002,Mohan Patel,Bangalore,2024-10-10 08:58:00,2024-10-10 09:40:00,42,4.71,4.0
DEL0133,ORD0168,AGT004,Ajay Verma,Bangalore,2024-03-11 17:58:00,2024-03-11 18:38:00,40,2.06,3.5
DEL0134,ORD0097,AGT005,Dinesh Yadav,Mumbai,2024-02-07 16:32:00,2024-02-07 16:58:00,26,0.58,4.5
DEL0135,ORD0339,AGT004,Ajay Verma,Chennai,2024-07-20 17:28:00,2024-07-20 17:48:00,20,3.46,4.0
DEL0136,ORD0408,AGT007,Pradeep Nair,Pune,2024-07-11 18:34:00,2024-07-11 19:15:00,41,2.23,4.5
DEL0137,ORD0227,AGT007,Pradeep Nair,Bangalore,2024-04-10 17:18:00,2024-04-10 17:57:00,39,4.1,5.0
DEL0138,ORD0192,AGT006,Ramesh Gupta,Pune,2024-06-21 16:40:00,2024-06-21 17:13:00,33,3.01,4.5
DEL0139,ORD0182,AGT003,Vikram Singh,Hyderabad,2024-04-13 16:04:00,2024-04-13 16:18:00,14,1.91,4.5
DEL0140,ORD0002,AGT005,Dinesh Yadav,Hyderabad,2024-02-03 19:39:00,2024-02-03 19:50:00,11,4.38,3.5
DEL0141,ORD0105,AGT007,Pradeep Nair,Mumbai,2024-12-28 09:24:00,2024-12-28 09:53:00,29,6.35,4.5
DEL0142,ORD0140,AGT004,Ajay Verma,Hyderabad,2024-01-14 12:39:00,2024-01-14 12:54:00,15,3.04,4.5
DEL0143,ORD0363,AGT005,Dinesh Yadav,Pune,2024-07-05 09:26:00,2024-07-05 10:11:00,45,0.81,5.0
DEL0144,ORD0060,AGT003,Vikram Singh,Hyderabad,2024-04-29 17:56:00,2024-04-29 18:04:00,8,6.14,5.0
DEL0145,ORD0323,AGT006,Ramesh Gupta,Chennai,2024-01-16 17:54:00,2024-01-16 18:18:00,24,0.53,4.5
DEL0146,ORD0451,AGT004,Ajay Verma,Bangalore,2024-11-09 08:08:00,2024-11-09 08:46:00,38,2.73,5.0
DEL0147,ORD0385,AGT005,Dinesh Yadav,Bangalore,2024-04-30 22:23:00,2024-04-30 22:33:00,10,2.06,4.5
DEL0148,ORD0026,AGT004,Ajay Verma,Hyderabad,2024-06-01 22:59:00,2024-06-01 23:29:00,30,1.04,5.0
DEL0149,ORD0195,AGT003,Vikram Singh,Chennai,2024-10-25 07:19:00,2024-10-25 07:30:00,11,2.38,5.0
DEL0150,ORD0459,AGT007,Pradeep Nair,Chennai,2024-11-20 16:40:00,2024-11-20 16:50:00,10,4.99,5.0
DEL0151,ORD0218,AGT003,Vikram Singh,Mumbai,2024-04-25 17:01:00,2024-04-25 17:12:00,11,5.48,5.0
DEL0152,ORD0151,AGT004,Ajay Verma,Pune,2024-05-25 09:20:00,2024-05-25 09:45:00,25,2.39,5.0
DEL0153,ORD0362,AGT002,Mohan Patel,Chennai,2024-03-31 17:10:00,2024-03-31 17:27:00,17,5.62,4.5
DEL0154,ORD0098,AGT001,Suresh Kumar,Hyderabad,2024-02-16 19:33:00,2024-02-16 19:43:00,10,1.39,4.0
DEL0155,ORD0197,AGT003,Vikram Singh,Mumbai,2024-05-31 18:43:00,2024-05-31 19:21:00,38,4.74,4.5
DEL0156,ORD0203,AGT004,Ajay Verma,Mumbai,2024-06-06 07:28:00,2024-06-06 07:49:00,21,3.15,5.0
DEL0157,ORD0206,AGT004,Ajay Verma,Chennai,2024-08-17 19:30:00,2024-08-17 20:12:00,42,1.17,5.0
DEL0158,ORD0305,AGT003,Vikram Singh,Hyderabad,2024-04-27 19:08:00,2024-04-27 19:36:00,28,1.72,4.0
DEL0159,ORD0269,AGT006,Ramesh Gupta,Bangalore,2024-03-13 18:26:00,2024-03-13 19:07:00,41,5.44,4.5
DEL0160,ORD0179,AGT002,Mohan Patel,Chennai,2024-04-16 22:27:00,2024-04-16 22:52:00,25,6.49,3.0
DEL0161,ORD0418,AGT002,Mohan Patel,Bangalore,2024-07-09 15:43:00,2024-07-09 16:21:00,38,6.02,4.0
DEL0162,ORD0456,AGT001,Suresh Kumar,Pune,2024-11-22 17:01:00,2024-11-22 17:38:00,37,0.66,4.5
DEL0163,ORD0375,AGT004,Ajay Verma,Mumbai,2024-06-22 22:50:00,2024-06-22 23:08:00,18,4.04,5.0
DEL0164,ORD0410,AGT002,Mohan Patel,Hyderabad,2024-10-31 16:22:00,2024-10-31 16:51:00,29,0.99,5.0
DEL0165,ORD0345,AGT004,Ajay Verma,Chennai,2024-02-22 11:15:00,2024-02-22 11:37:00,22,6.23,4.5
DEL0166,ORD0167,AGT001,Suresh Kumar,Bangalore,2024-07-06 11:20:00,2024-07-06 11:30:00,10,4.23,4.5
DEL0167,ORD0174,AGT006,Ramesh Gupta,Pune,2024-08-13 17:33:00,2024-08-13 18:07:00,34,1.28,5.0
DEL0168,ORD0358,AGT003,Vikram Singh,Mumbai,2024-10-30 17:56:00,2024-10-30 18:41:00,45,5.29,5.0
DEL0169,ORD0278,AGT005,Dinesh Yadav,Mumbai,2024-03-09 17:13:00,2024-03-09 17:44:00,31,1.06,4.0
DEL0170,ORD0001,AGT007,Pradeep Nair,Hyderabad,2024-08-28 22:34:00,2024-08-28 22:58:00,24,1.04,5.0
DEL0171,ORD0212,AGT007,Pradeep Nair,Mumbai,2024-01-23 19:34:00,2024-01-23 19:45:00,11,2.21,5.0
DEL0172,ORD0139,AGT001,Suresh Kumar,Mumbai,2024-02-09 11:38:00,2024-02-09 12:03:00,25,3.45,4.5
DEL0173,ORD0251,AGT003,Vikram Singh,Mumbai,2024-06-15 19:08:00,2024-06-15 19:21:00,13,4.12,4.5
DEL0174,ORD0478,AGT003,Vikram Singh,Chennai,2024-01-21 20:24:00,2024-01-21 21:09:00,45,1.7,4.5
DEL0175,ORD0124,AGT003,Vikram Singh,Pune,2024-01-01 18:22:00,2024-01-01 18:35:00,13,4.1,3.5
DEL0176,ORD0355,AGT003,Vikram Singh,Chennai,2024-08-29 18:56:00,2024-08-29 19:14:00,18,1.62,4.5
DEL0177,ORD0031,AGT005,Dinesh Yadav,Mumbai,2024-02-21 21:05:00,2024-02-21 21:22:00,17,6.34,4.5
DEL0178,ORD0353,AGT006,Ramesh Gupta,Chennai,2024-12-31 18:34:00,2024-12-31 19:18:00,44,6.08,4.5
DEL0179,ORD0334,AGT001,Suresh Kumar,Mumbai,2024-11-21 07:26:00,2024-11-21 07:53:00,27,3.31,3.5
DEL0180,ORD0137,AGT003,Vikram Singh,Bangalore,2024-03-14 21:06:00,2024-03-14 21:37:00,31,6.41,4.5
DEL0181,ORD0402,AGT002,Mohan Patel,Mumbai,2024-07-22 10:50:00,2024-07-22 11:26:00,36,3.07,4.5
DEL0182,ORD0225,AGT001,Suresh Kumar,Mumbai,2024-08-28 18:05:00,2024-08-28 18:15:00,10,1.15,4.5
DEL0183,ORD0282,AGT006,Ramesh Gupta,Pune,2024-10-14 22:34:00,2024-10-14 23:10:00,36,3.91,4.0
DEL0184,ORD0154,AGT001,Suresh Kumar,Pune,2024-01-24 15:48:00,2024-01-24 15:57:00,9,0.6,5.0
DEL0185,ORD0158,AGT007,Pradeep Nair,Hyderabad,2024-03-07 18:36:00,2024-03-07 19:13:00,37,5.56,3.0
DEL0186,ORD0046,AGT006,Ramesh Gupta,Bangalore,2024-03-08 10:03:00,2024-03-08 10:22:00,19,2.38,5.0
DEL0187,ORD0156,AGT004,Ajay Verma,Chennai,2024-08-20 09:51:00,2024-08-20 10:29:00,38,5.35,4.0
DEL0188,ORD0314,AGT007,Pradeep Nair,Mumbai,2024-03-29 22:53:00,2024-03-29 23:01:00,8,1.77,3.5
DEL0189,ORD0215,AGT003,Vikram Singh,Hyderabad,2024-06-02 15:11:00,2024-06-02 15:30:00,19,1.14,4.5
DEL0190,ORD0104,AGT001,Suresh Kumar,Pune,2024-10-25 12:01:00,2024-10-25 12:34:00,33,1.53,4.5
DEL0191,ORD0009,AGT007,Pradeep Nair,Mumbai,2024-11-16 13:35:00,2024-11-16 13:52:00,17,6.29,4.5
DEL0192,ORD0440,AGT005,Dinesh Yadav,Mumbai,2024-02-21 15:48:00,2024-02-21 16:14:00,26,2.66,4.5
DEL0193,ORD0068,AGT004,Ajay Verma,Chennai,2024-06-15 19:43:00,2024-06-15 20:18:00,35,1.03,3.5
DEL0194,ORD0198,AGT007,Pradeep Nair,Bangalore,2024-11-06 18:29:00,2024-11-06 19:11:00,42,4.68,4.0
DEL0195,ORD0387,AGT004,Ajay Verma,Hyderabad,2024-04-08 11:10:00,2024-04-08 11:45:00,35,1.37,4.0
DEL0196,ORD0308,AGT007,Pradeep Nair,Hyderabad,2024-11-11 22:02:00,2024-11-11 22:18:00,16,1.65,4.0
DEL0197,ORD0484,AGT004,Ajay Verma,Hyderabad,2024-12-08 18:34:00,2024-12-08 18:57:00,23,0.63,4.0
DEL0198,ORD0176,AGT006,Ramesh Gupta,Pune,2024-04-16 17:48:00,2024-04-16 18:07:00,19,6.28,4.5
DEL0199,ORD0366,AGT005,Dinesh Yadav,Chennai,2024-10-28 12:28:00,2024-10-28 12:44:00,16,1.71,4.5
DEL0200,ORD0393,AGT001,Suresh Kumar,Hyderabad,2024-05-21 19:14:00,2024-05-21 19:47:00,33,0.55,4.5
DEL0201,ORD0074,AGT004,Ajay Verma,Mumbai,2024-01-27 16:44:00,2024-01-27 17:24:00,40,4.92,4.5
DEL0202,ORD0299,AGT003,Vikram Singh,Mumbai,2024-11-16 21:04:00,2024-11-16 21:40:00,36,3.42,4.5
DEL0203,ORD0370,AGT005,Dinesh Yadav,Mumbai,2024-02-15 17:36:00,2024-02-15 17:48:00,12,5.93,5.0
DEL0204,ORD0088,AGT001,Suresh Kumar,Bangalore,2024-02-09 17:43:00,2024-02-09 18:17:00,34,0.61,4.5
DEL0205,ORD0304,AGT003,Vikram Singh,Pune,2024-12-22 18:00:00,2024-12-22 18:16:00,16,3.0,4.5
DEL0206,ORD0111,AGT006,Ramesh Gupta,Mumbai,2024-08-12 08:31:00,2024-08-12 09:07:00,36,3.19,4.5
DEL0207,ORD0044,AGT006,Ramesh Gupta,Bangalore,2024-11-21 13:43:00,2024-11-21 13:59:00,16,3.32,4.5
DEL0208,ORD0486,AGT005,Dinesh Yadav,Pune,2024-05-24 08:06:00,2024-05-24 08:46:00,40,2.53,4.5
DEL0209,ORD0438,AGT006,Ramesh Gupta,Hyderabad,2024-04-16 22:27:00,2024-04-16 22:40:00,13,1.29,4.0
DEL0210,ORD0093,AGT004,Ajay Verma,Mumbai,2024-02-22 11:24:00,2024-02-22 11:36:00,12,4.42,4.5
DEL0211,ORD0133,AGT007,Pradeep Nair,Pune,2024-08-05 09:31:00,2024-08-05 10:13:00,42,4.23,4.0
DEL0212,ORD0086,AGT006,Ramesh Gupta,Chennai,2024-08-08 12:14:00,2024-08-08 12:54:00,40,1.27,4.0
DEL0213,ORD0076,AGT001,Suresh Kumar,Hyderabad,2024-02-28 15:42:00,2024-02-28 16:25:00,43,6.16,4.5
DEL0214,ORD0354,AGT005,Dinesh Yadav,Mumbai,2024-07-17 15:14:00,2024-07-17 15:23:00,9,6.5,4.5
DEL0215,ORD0263,AGT006,Ramesh Gupta,Hyderabad,2024-09-30 20:38:00,2024-09-30 21:20:00,42,1.55,5.0
DEL0216,ORD0473,AGT007,Pradeep Nair,Bangalore,2024-11-27 19:18:00,2024-11-27 19:44:00,26,2.53,3.5
DEL0217,ORD0294,AGT005,Dinesh Yadav,Hyderabad,2024-02-08 09:29:00,2024-02-08 10:00:00,31,3.42,5.0
DEL0218,ORD0012,AGT007,Pradeep Nair,Pune,2024-09-09 21:08:00,2024-09-09 21:36:00,28,5.12,4.5
DEL0219,ORD0211,AGT007,Pradeep Nair,Mumbai,2024-04-15 09:14:00,2024-04-15 09:25:00,11,5.74,4.5
DEL0220,ORD0083,AGT001,Suresh Kumar,Hyderabad,2024-06-25 20:13:00,2024-06-25 20:52:00,39,5.29,5.0
DEL0221,ORD0468,AGT001,Suresh Kumar,Chennai,2024-11-28 12:39:00,2024-11-28 12:54:00,15,4.16,5.0
DEL0222,ORD0448,AGT005,Dinesh Yadav,Hyderabad,2024-02-27 20:31:00,2024-02-27 20:59:00,28,3.54,4.0
DEL0223,ORD0319,AGT002,Mohan Patel,Mumbai,2024-08-11 14:08:00,2024-08-11 14:23:00,15,1.44,4.0
DEL0224,ORD0061,AGT005,Dinesh Yadav,Hyderabad,2024-03-07 15:57:00,2024-03-07 16:06:00,9,4.9,3.5
DEL0225,ORD0309,AGT003,Vikram Singh,Mumbai,2024-07-15 18:31:00,2024-07-15 18:56:00,25,1.24,4.0
DEL0226,ORD0186,AGT007,Pradeep Nair,Pune,2024-04-12 16:23:00,2024-04-12 16:36:00,13,1.97,5.0
DEL0227,ORD0081,AGT005,Dinesh Yadav,Mumbai,2024-06-15 10:00:00,2024-06-15 10:11:00,11,1.01,4.5
DEL0228,ORD0096,AGT003,Vikram Singh,Chennai,2024-08-28 21:48:00,2024-08-28 21:59:00,11,4.49,4.0
DEL0229,ORD0413,AGT004,Ajay Verma,Mumbai,2024-03-12 07:45:00,2024-03-12 08:19:00,34,1.33,4.5
DEL0230,ORD0434,AGT004,Ajay Verma,Mumbai,2024-03-19 13:51:00,2024-03-19 14:25:00,34,5.27,4.5
DEL0231,ORD0489,AGT002,Mohan Patel,Chennai,2024-11-18 13:58:00,2024-11-18 14:19:00,21,4.81,4.5
DEL0232,ORD0118,AGT003,Vikram Singh,Pune,2024-07-21 18:20:00,2024-07-21 18:42:00,22,2.91,5.0
DEL0233,ORD0383,AGT004,Ajay Verma,Bangalore,2024-12-22 10:08:00,2024-12-22 10:42:00,34,4.46,4.5
DEL0234,ORD0226,AGT001,Suresh Kumar,Bangalore,2024-03-15 07:24:00,2024-03-15 07:58:00,34,6.38,5.0
DEL0235,ORD0381,AGT003,Vikram Singh,Hyderabad,2024-10-05 19:17:00,2024-10-05 19:36:00,19,2.91,4.5
DEL0236,ORD0415,AGT003,Vikram Singh,Chennai,2024-07-02 17:02:00,2024-07-02 17:45:00,43,4.96,5.0
DEL0237,ORD0004,AGT003,Vikram Singh,Mumbai,2024-11-01 14:56:00,2024-11-01 15:32:00,36,4.16,3.5
DEL0238,ORD0247,AGT006,Ramesh Gupta,Chennai,2024-11-12 16:55:00,2024-11-12 17:20:00,25,5.83,4.5
DEL0239,ORD0369,AGT004,Ajay Verma,Pune,2024-09-11 11:29:00,2024-09-11 11:57:00,28,2.57,5.0
DEL0240,ORD0181,AGT007,Pradeep Nair,Bangalore,2024-01-22 16:49:00,2024-01-22 17:13:00,24,5.79,3.5
DEL0241,ORD0416,AGT004,Ajay Verma,Bangalore,2024-02-19 22:16:00,2024-02-19 22:59:00,43,4.81,5.0
DEL0242,ORD0337,AGT005,Dinesh Yadav,Bangalore,2024-02-13 10:37:00,2024-02-13 10:49:00,12,1.78,4.5
DEL0243,ORD0401,AGT003,Vikram Singh,Bangalore,2024-08-21 09:06:00,2024-08-21 09:37:00,31,1.46,3.0
DEL0244,ORD0342,AGT005,Dinesh Yadav,Mumbai,2024-03-21 16:57:00,2024-03-21 17:18:00,21,1.95,5.0
DEL0245,ORD0500,AGT005,Dinesh Yadav,Hyderabad,2024-11-26 11:13:00,2024-11-26 11:37:00,24,4.89,5.0
DEL0246,ORD0265,AGT005,Dinesh Yadav,Mumbai,2024-10-15 19:53:00,2024-10-15 20:07:00,14,1.24,5.0
DEL0247,ORD0426,AGT004,Ajay Verma,Bangalore,2024-01-10 07:45:00,2024-01-10 08:15:00,30,3.93,3.0
DEL0248,ORD0301,AGT002,Mohan Patel,Pune,2024-05-20 09:49:00,2024-05-20 10:07:00,18,6.43,4.5
DEL0249,ORD0483,AGT006,Ramesh Gupta,Mumbai,2024-05-30 13:56:00,2024-05-30 14:39:00,43,3.7,4.5
DEL0250,ORD0194,AGT003,Vikram Singh,Mumbai,2024-05-07 07:24:00,2024-05-07 07:49:00,25,5.21,5.0
DEL0251,ORD0193,AGT006,Ramesh Gupta,Bangalore,2024-06-16 09:31:00,2024-06-16 09:47:00,16,3.62,4.0
DEL0252,ORD0409,AGT005,Dinesh Yadav,Hyderabad,2024-10-26 10:04:00,2024-10-26 10:35:00,31,5.44,4.5
DEL0253,ORD0325,AGT006,Ramesh Gupta,Hyderabad,2024-03-21 15:55:00,2024-03-21 16:10:00,15,5.47,3.5
DEL0254,ORD0053,AGT002,Mohan Patel,Pune,2024-07-28 10:14:00,2024-07-28 10:53:00,39,1.79,3.5
DEL0255,ORD0333,AGT004,Ajay Verma,Bangalore,2024-10-06 14:16:00,2024-10-06 14:38:00,22,3.85,5.0
DEL0256,ORD0371,AGT005,Dinesh Yadav,Hyderabad,2024-02-25 07:09:00,2024-02-25 07:27:00,18,4.32,5.0
DEL0257,ORD0024,AGT004,Ajay Verma,Bangalore,2024-10-09 11:32:00,2024-10-09 11:48:00,16,6.34,5.0
DEL0258,ORD0233,AGT002,Mohan Patel,Pune,2024-01-04 20:06:00,2024-01-04 20:48:00,42,4.77,3.5
DEL0259,ORD0199,AGT007,Pradeep Nair,Pune,2024-05-06 09:40:00,2024-05-06 09:52:00,12,1.21,4.0
DEL0260,ORD0266,AGT006,Ramesh Gupta,Mumbai,2024-05-12 14:36:00,2024-05-12 15:20:00,44,6.16,4.5
DEL0261,ORD0106,AGT005,Dinesh Yadav,Chennai,2024-12-25 09:47:00,2024-12-25 09:56:00,9,1.16,4.5
DEL0262,ORD0343,AGT005,Dinesh Yadav,Hyderabad,2024-02-16 14:26:00,2024-02-16 14:53:00,27,1.21,4.0
DEL0263,ORD0120,AGT003,Vikram Singh,Pune,2024-12-27 22:34:00,2024-12-27 22:43:00,9,0.67,3.5
DEL0264,ORD0136,AGT004,Ajay Verma,Bangalore,2024-05-20 08:07:00,2024-05-20 08:47:00,40,6.12,4.0
DEL0265,ORD0033,AGT002,Mohan Patel,Chennai,2024-06-11 23:03:00,2024-06-11 23:26:00,23,3.43,3.5
DEL0266,ORD0119,AGT007,Pradeep Nair,Chennai,2024-02-20 17:53:00,2024-02-20 18:31:00,38,3.01,4.5
DEL0267,ORD0442,AGT003,Vikram Singh,Mumbai,2024-06-09 20:53:00,2024-06-09 21:03:00,10,3.35,5.0
DEL0268,ORD0021,AGT007,Pradeep Nair,Chennai,2024-01-15 14:49:00,2024-01-15 15:32:00,43,3.53,4.5
DEL0269,ORD0248,AGT004,Ajay Verma,Chennai,2024-12-30 11:51:00,2024-12-30 12:04:00,13,5.7,4.0
DEL0270,ORD0476,AGT006,Ramesh Gupta,Mumbai,2024-12-26 18:55:00,2024-12-26 19:15:00,20,2.96,4.0
DEL0271,ORD0377,AGT005,Dinesh Yadav,Mumbai,2024-10-03 15:45:00,2024-10-03 15:56:00,11,6.25,5.0
DEL0272,ORD0471,AGT006,Ramesh Gupta,Bangalore,2024-03-23 16:46:00,2024-03-23 17:12:00,26,5.7,5.0
DEL0273,ORD0082,AGT007,Pradeep Nair,Bangalore,2024-08-14 20:39:00,2024-08-14 21:00:00,21,2.35,4.5
DEL0274,ORD0446,AGT001,Suresh Kumar,Mumbai,2024-01-31 12:10:00,2024-01-31 12:54:00,44,6.23,4.5
DEL0275,ORD0264,AGT005,Dinesh Yadav,Mumbai,2024-02-13 10:56:00,2024-02-13 11:14:00,18,1.64,4.5
DEL0276,ORD0085,AGT001,Suresh Kumar,Chennai,2024-04-18 11:56:00,2024-04-18 12:04:00,8,6.12,4.0
DEL0277,ORD0351,AGT007,Pradeep Nair,Hyderabad,2024-10-08 22:07:00,2024-10-08 22:41:00,34,1.97,5.0
DEL0278,ORD0315,AGT004,Ajay Verma,Hyderabad,2024-01-21 08:53:00,2024-01-21 09:33:00,40,5.34,4.5
DEL0279,ORD0123,AGT001,Suresh Kumar,Hyderabad,2024-11-01 07:46:00,2024-11-01 08:03:00,17,5.67,3.0
DEL0280,ORD0340,AGT004,Ajay Verma,Hyderabad,2024-10-26 10:12:00,2024-10-26 10:40:00,28,5.66,4.0
DEL0281,ORD0006,AGT001,Suresh Kumar,Bangalore,2024-04-18 15:45:00,2024-04-18 16:28:00,43,3.75,4.0
DEL0282,ORD0469,AGT007,Pradeep Nair,Bangalore,2024-09-02 20:46:00,2024-09-02 21:12:00,26,1.43,5.0
DEL0283,ORD0204,AGT001,Suresh Kumar,Hyderabad,2024-01-24 20:29:00,2024-01-24 20:40:00,11,6.27,4.0
DEL0284,ORD0047,AGT003,Vikram Singh,Chennai,2024-10-03 18:39:00,2024-10-03 18:57:00,18,1.09,3.5
DEL0285,ORD0262,AGT003,Vikram Singh,Hyderabad,2024-03-19 20:56:00,2024-03-19 21:34:00,38,6.15,5.0
DEL0286,ORD0257,AGT002,Mohan Patel,Mumbai,2024-11-04 13:37:00,2024-11-04 14:05:00,28,4.02,4.5
DEL0287,ORD0238,AGT004,Ajay Verma,Mumbai,2024-01-05 12:08:00,2024-01-05 12:37:00,29,2.12,4.0
DEL0288,ORD0450,AGT001,Suresh Kumar,Mumbai,2024-08-09 14:36:00,2024-08-09 15:08:00,32,0.67,4.5
DEL0289,ORD0302,AGT001,Suresh Kumar,Hyderabad,2024-11-16 16:51:00,2024-11-16 17:04:00,13,3.82,4.5
DEL0290,ORD0396,AGT007,Pradeep Nair,Bangalore,2024-03-09 16:54:00,2024-03-09 17:19:00,25,4.41,3.5
